{
  "chapter_id": {
    "precision": 1.0,
    "recall": 1.0,
    "f1-score": 1.0,
    "support": 4,
    "confused_with": {}
  },
  "subtopic_name": {
    "precision": 0.8928571428571429,
    "recall": 0.25252525252525254,
    "f1-score": 0.3937007874015748,
    "support": 99,
    "confused_with": {
      "topic_name": 62
    }
  },
  "topic_name": {
    "precision": 0.23809523809523808,
    "recall": 1.0,
    "f1-score": 0.3846153846153846,
    "support": 20,
    "confused_with": {}
  },
  "micro avg": {
    "precision": 0.4224137931034483,
    "recall": 0.3983739837398374,
    "f1-score": 0.41004184100418417,
    "support": 123
  },
  "macro avg": {
    "precision": 0.7103174603174603,
    "recall": 0.7508417508417509,
    "f1-score": 0.5927720573389864,
    "support": 123
  },
  "weighted avg": {
    "precision": 0.7898761130468448,
    "recall": 0.3983739837398374,
    "f1-score": 0.4119405336997041,
    "support": 123
  },
  "accuracy": 0.7106227106227107
}